{"Normal Translation Kwg":{"Precision":0.8489695644,"Recall":0.8932448459,"F1_score":0.8702067351},"Normal Translation Semantics":{"Precision":0.8454207182,"Recall":0.8937820661,"F1_score":0.8685263646},"Normal Translation Sir":{"Precision":0.8109233093,"Recall":0.8687023437,"F1_score":0.8381679553},"Paraphraed Pivot Translation Kwg":{"Precision":0.8277282846,"Recall":0.8765120876,"F1_score":0.8511946052},"Paraphraed Pivot Translation Semantics":{"Precision":0.8275328082,"Recall":0.8751921493,"F1_score":0.8504684114},"Paraphraed Pivot Translation Sir":{"Precision":0.827053684,"Recall":0.8710503632,"F1_score":0.8481603235},"Paraphrased Normal Translation Kwg":{"Precision":0.8319387358,"Recall":0.8669788015,"F1_score":0.8488407367},"Paraphrased Normal Translation Semantics":{"Precision":0.8304681313,"Recall":0.8681017417,"F1_score":0.8485752374},"Paraphrased Normal Translation Sir":{"Precision":0.8004853773,"Recall":0.8430168551,"F1_score":0.8206777561},"Pivot Translation Kwg":{"Precision":0.8437770963,"Recall":0.9013661885,"F1_score":0.8713162076},"Pivot Translation Semantics":{"Precision":0.8419202483,"Recall":0.8974247068,"F1_score":0.8684883237},"Pivot Translation Sir":{"Precision":0.8412860411,"Recall":0.8953632301,"F1_score":0.8670433104},"Recursivepara Sir Rephrased0":{"Precision":0.7996330333,"Recall":0.8472107345,"F1_score":0.8221545714},"Recursivepara Sir Rephrased1":{"Precision":0.7958447421,"Recall":0.8451939952,"F1_score":0.819278143},"Recursivepara Sir Rephrased2":{"Precision":0.7936292124,"Recall":0.8437331432,"F1_score":0.8174724096},"Recursivepara Sir Rephrased3":{"Precision":0.7912309629,"Recall":0.8420665091,"F1_score":0.8154571402},"Recursivepara Sir Rephrased4":{"Precision":0.7893410718,"Recall":0.842382623,"F1_score":0.8146003908},"Recursivepara Kwg Rephrased0":{"Precision":0.831049242,"Recall":0.8728545713,"F1_score":0.8511739302},"Recursivepara Kwg Rephrased1":{"Precision":0.8221300113,"Recall":0.8678025901,"F1_score":0.8441067076},"Recursivepara Kwg Rephrased2":{"Precision":0.8152590066,"Recall":0.8631126857,"F1_score":0.8382858038},"Recursivepara Kwg Rephrased3":{"Precision":0.8109018773,"Recall":0.860541122,"F1_score":0.8347728556},"Recursivepara Kwg Rephrased4":{"Precision":0.8073877525,"Recall":0.8580681151,"F1_score":0.8317473435},"Recursivepara Semantics Rephrased0":{"Precision":0.828565101,"Recall":0.8752438861,"F1_score":0.8509695041},"Recursivepara Semantics Rephrased1":{"Precision":0.8164482814,"Recall":0.870370791,"F1_score":0.8422823918},"Recursivepara Semantics Rephrased2":{"Precision":0.8093718058,"Recall":0.8667214555,"F1_score":0.8368327844},"Recursivepara Semantics Rephrased3":{"Precision":0.805113405,"Recall":0.864208591,"F1_score":0.8333838022},"Recursivepara Semantics Rephrased4":{"Precision":0.8013409251,"Recall":0.8615301514,"F1_score":0.8301197481},"Translation Paraphrased Sir Rephrased0":{"Precision":0.8030541301,"Recall":0.8632451117,"F1_score":0.8315410227},"Translation Paraphrased Sir Rephrased1":{"Precision":0.7995903718,"Recall":0.8613176537,"F1_score":0.8288455892},"Translation Paraphrased Sir Rephrased2":{"Precision":0.7969752342,"Recall":0.8596269679,"F1_score":0.8266779},"Translation Paraphrased Sir Rephrased3":{"Precision":0.7952543437,"Recall":0.8583832031,"F1_score":0.8252271098},"Translation Paraphrased Sir Rephrased4":{"Precision":0.7928596425,"Recall":0.856643315,"F1_score":0.8231469166},"Translation Paraphrased Kwg Rephrased0":{"Precision":0.8333746946,"Recall":0.8849272645,"F1_score":0.8581034899},"Translation Paraphrased Kwg Rephrased1":{"Precision":0.8259185433,"Recall":0.8823759037,"F1_score":0.8529594713},"Translation Paraphrased Kwg Rephrased2":{"Precision":0.819515993,"Recall":0.8783863926,"F1_score":0.8477118164},"Translation Paraphrased Kwg Rephrased3":{"Precision":0.8149335104,"Recall":0.8750890154,"F1_score":0.8437211829},"Translation Paraphrased Kwg Rephrased4":{"Precision":0.8118652076,"Recall":0.8734760547,"F1_score":0.8413293248},"Translation Paraphrased Semantics Rephrased0":{"Precision":0.8311194539,"Recall":0.8880753845,"F1_score":0.8583328837},"Translation Paraphrased Semantics Rephrased1":{"Precision":0.8199685568,"Recall":0.8839072281,"F1_score":0.8504437155},"Translation Paraphrased Semantics Rephrased2":{"Precision":0.8133005613,"Recall":0.8810782897,"F1_score":0.8455646825},"Translation Paraphrased Semantics Rephrased3":{"Precision":0.8090265536,"Recall":0.879107424,"F1_score":0.8423566729},"Translation Paraphrased Semantics Rephrased4":{"Precision":0.8055061358,"Recall":0.8766446275,"F1_score":0.8393189108}}