{
    "original": {
        "count": 100.0,
        "mean": 35.0026700106,
        "std": 29.2865405024,
        "min": 0.1566800281,
        "25%": 8.8820811878,
        "50%": 27.2025373928,
        "75%": 58.0052000252,
        "max": 98.8493496356
    },
    "watermarked": {
        "count": 100.0,
        "mean": 76.9628586446,
        "std": 31.8658496933,
        "min": 0.182769489,
        "25%": 62.7206858081,
        "50%": 94.7258882049,
        "75%": 99.9991079026,
        "max": 100.0
    },
    "attacked0": {
        "count": 100.0,
        "mean": 61.0976402937,
        "std": 37.7614705455,
        "min": 0.0,
        "25%": 19.5872339796,
        "50%": 73.9871042876,
        "75%": 98.5859361974,
        "max": 99.9999999998
    },
    "attacked1": {
        "count": 100.0,
        "mean": 51.5848496523,
        "std": 35.9019069205,
        "min": 0.0,
        "25%": 15.7333667173,
        "50%": 53.8192899373,
        "75%": 84.3874390729,
        "max": 99.9999835865
    },
    "attacked2": {
        "count": 100.0,
        "mean": 44.3382948393,
        "std": 34.4923172752,
        "min": 0.0,
        "25%": 12.0775056939,
        "50%": 41.6111739642,
        "75%": 74.3321683614,
        "max": 99.9998845147
    },
    "attacked3": {
        "count": 100.0,
        "mean": 41.0772458058,
        "std": 34.1033081259,
        "min": 0.1214185509,
        "25%": 6.8887513506,
        "50%": 35.2298481129,
        "75%": 70.1213252097,
        "max": 99.9998099076
    },
    "attacked4": {
        "count": 100.0,
        "mean": 36.244708818,
        "std": 32.7542158636,
        "min": 0.0,
        "25%": 5.2380553073,
        "50%": 27.6764731537,
        "75%": 57.8852752396,
        "max": 99.9895918005
    }
}