{"original":{"count":100.0,"mean":16.6969664426,"std":20.5657337762,"min":0.0,"25%":1.7669400706,"50%":9.1166705704,"75%":23.3467880292,"max":89.833960872},"watermarked":{"count":100.0,"mean":93.6431112449,"std":13.7157832947,"min":10.6941598612,"25%":94.6730277986,"50%":99.1300836412,"75%":99.8904332017,"max":99.999709393},"attacked0":{"count":100.0,"mean":39.0306858808,"std":35.3314632237,"min":0.0,"25%":4.8723283945,"50%":27.6184811814,"75%":74.1814641554,"max":99.9992484103}}