{
    "original": {
        "count": 100.0,
        "mean": 35.0026700106,
        "std": 29.2865405024,
        "min": 0.1566800281,
        "25%": 8.8820811878,
        "50%": 27.2025373928,
        "75%": 58.0052000252,
        "max": 98.8493496356
    },
    "watermarked": {
        "count": 100.0,
        "mean": 76.9628586446,
        "std": 31.8658496933,
        "min": 0.182769489,
        "25%": 62.7206858081,
        "50%": 94.7258882049,
        "75%": 99.9991079026,
        "max": 100.0
    },
    "attacked0": {
        "count": 100.0,
        "mean": 61.8102581229,
        "std": 36.6005250005,
        "min": 0.0,
        "25%": 25.1566972812,
        "50%": 74.0674671494,
        "75%": 97.8937402503,
        "max": 99.999999959
    }
}