{"original":{"count":100.0,"mean":20.076751614,"std":20.689292449,"min":0.0,"25%":3.3723952843,"50%":12.5519023576,"75%":30.1844622364,"max":86.3913706693},"watermarked":{"count":100.0,"mean":97.1459781441,"std":11.5701870538,"min":20.7861280943,"25%":99.6072285215,"50%":99.9700577619,"75%":99.996736314,"max":99.9999762729},"attacked0":{"count":100.0,"mean":60.2030864438,"std":29.9839121933,"min":0.0266200543,"25%":38.4930796344,"50%":66.0400359499,"75%":86.4295451165,"max":99.7422802989},"attacked1":{"count":100.0,"mean":36.8534255233,"std":29.2375882466,"min":0.0,"25%":8.2527203301,"50%":33.1259784315,"75%":61.154584612,"max":99.0184429447},"attacked2":{"count":100.0,"mean":26.8870684088,"std":26.7502832161,"min":0.0,"25%":5.1175853958,"50%":16.2342522185,"75%":43.275199218,"max":95.1465083207},"attacked3":{"count":100.0,"mean":22.7753567101,"std":23.9835120973,"min":0.0,"25%":3.2453263032,"50%":12.8893382014,"75%":36.4422300523,"max":84.6252247453},"attacked4":{"count":100.0,"mean":16.8589773453,"std":18.774994151,"min":0.0,"25%":1.6931046998,"50%":10.0497755695,"75%":22.9799545574,"max":65.6176650966}}