{
    "original": {
        "count": 100.0,
        "mean": 28.6027073879,
        "std": 28.5651377986,
        "min": 0.0,
        "25%": 2.6560223436,
        "50%": 19.1224484966,
        "75%": 49.208668404,
        "max": 97.8876908293
    },
    "watermarked": {
        "count": 100.0,
        "mean": 83.4790066716,
        "std": 27.9893442038,
        "min": 0.0505126168,
        "25%": 82.2657495269,
        "50%": 97.4472861128,
        "75%": 99.774059168,
        "max": 99.9999990224
    },
    "attacked0": {
        "count": 100.0,
        "mean": 25.916130552,
        "std": 27.8912357509,
        "min": 0.0,
        "25%": 3.9830089048,
        "50%": 14.9837462977,
        "75%": 41.6198030398,
        "max": 99.9467415895
    }
}