{
    "original": {
        "count": 100.0,
        "mean": 0.1830959765,
        "std": 0.2141228266,
        "min": 0.0003862133,
        "25%": 0.0294254308,
        "50%": 0.1067217361,
        "75%": 0.2653743282,
        "max": 1.1296631743
    },
    "Recursive0": {
        "count": 100.0,
        "mean": 1.0837359623,
        "std": 1.0244139795,
        "min": 0.0,
        "25%": 0.2419146034,
        "50%": 0.8397153934,
        "75%": 1.6979373425,
        "max": 5.6148593329
    },
    "Recursive1": {
        "count": 100.0,
        "mean": 0.7429384032,
        "std": 0.7478005479,
        "min": 0.0,
        "25%": 0.1938063268,
        "50%": 0.5224259777,
        "75%": 1.0213368131,
        "max": 3.5716424754
    },
    "Recursive2": {
        "count": 100.0,
        "mean": 0.6187141591,
        "std": 0.6672148361,
        "min": 0.0,
        "25%": 0.1243226688,
        "50%": 0.391286364,
        "75%": 0.9027307163,
        "max": 3.5989329902
    },
    "Recursive3": {
        "count": 100.0,
        "mean": 0.620075755,
        "std": 0.7276050802,
        "min": 0.000927418,
        "25%": 0.0899572954,
        "50%": 0.4031735667,
        "75%": 0.8005913646,
        "max": 4.0207260199
    },
    "Recursive4": {
        "count": 100.0,
        "mean": 0.5633538431,
        "std": 0.6981316584,
        "min": 0.0,
        "25%": 0.0720194489,
        "50%": 0.3025280336,
        "75%": 0.7877735319,
        "max": 3.5080562806
    }
}