{"original":{"count":100.0,"mean":20.076751614,"std":20.689292449,"min":0.0,"25%":3.3723952843,"50%":12.5519023576,"75%":30.1844622364,"max":86.3913706693},"watermarked":{"count":100.0,"mean":97.1459781441,"std":11.5701870538,"min":20.7861280943,"25%":99.6072285215,"50%":99.9700577619,"75%":99.996736314,"max":99.9999762729},"attacked0":{"count":100.0,"mean":82.4478805841,"std":22.8154464842,"min":7.3995158907,"25%":75.4360394988,"50%":93.1101278169,"75%":98.5378526214,"max":99.9641239428}}